{"cameraMode":{"drawMode":0,"name":"Shaded","section":"Shading Mode"},"sceneLighting":false,"audioPlay":false,"sceneViewState":{"showFog":true,"showMaterialUpdate":false,"showSkybox":true,"showFlares":true,"showImageEffects":true,"showParticleSystems":true},"in2DMode":false,"pivot":{"x":45.84244155883789,"y":3.3505759239196779,"z":112.02725982666016},"rotation":{"x":-0.01799483597278595,"y":-0.9820051789283752,"z":0.13338229060173036,"w":-0.1324838250875473},"size":0.7325258851051331,"orthographic":false}