{"cameraMode":{"drawMode":0,"name":"Shaded","section":"Shading Mode"},"sceneLighting":false,"audioPlay":false,"sceneViewState":{"showFog":true,"showMaterialUpdate":false,"showSkybox":true,"showFlares":true,"showImageEffects":true,"showParticleSystems":true},"in2DMode":false,"pivot":{"x":5.097346305847168,"y":0.49859166145324709,"z":5.689050674438477},"rotation":{"x":-0.006293123587965965,"y":0.9598391056060791,"z":-0.27964678406715395,"w":-0.021600108593702318},"size":2.154322385787964,"orthographic":false}