{"cameraMode":{"drawMode":0,"name":"Shaded","section":"Shading Mode"},"sceneLighting":true,"audioPlay":false,"sceneViewState":{"showFog":true,"showMaterialUpdate":false,"showSkybox":true,"showFlares":true,"showImageEffects":true,"showParticleSystems":true},"in2DMode":false,"pivot":{"x":9.90999984741211,"y":1.799525260925293,"z":4.239999771118164},"rotation":{"x":-0.08862973749637604,"y":0.9062638282775879,"z":-0.3383394479751587,"w":-0.23740141093730927},"size":2.230792999267578,"orthographic":false}