{"cameraMode":{"drawMode":0,"name":"Shaded","section":"Shading Mode"},"sceneLighting":true,"audioPlay":false,"sceneViewState":{"showFog":true,"showMaterialUpdate":false,"showSkybox":true,"showFlares":true,"showImageEffects":true,"showParticleSystems":true},"in2DMode":false,"pivot":{"x":10.061812400817871,"y":0.793816328048706,"z":5.958293914794922},"rotation":{"x":-0.08862973749637604,"y":0.9062638282775879,"z":-0.3383394479751587,"w":-0.23740141093730927},"size":2.8656764030456545,"orthographic":false}