{"cameraMode":{"drawMode":0,"name":"Shaded","section":"Shading Mode"},"sceneLighting":false,"audioPlay":false,"sceneViewState":{"showFog":true,"showMaterialUpdate":false,"showSkybox":true,"showFlares":true,"showImageEffects":true,"showParticleSystems":true},"in2DMode":false,"pivot":{"x":59.38385009765625,"y":0.20466487109661103,"z":123.87089538574219},"rotation":{"x":-0.01799483597278595,"y":-0.9820051789283752,"z":0.13338229060173036,"w":-0.1324838250875473},"size":1.9549367427825928,"orthographic":false}