{"cameraMode":{"drawMode":0,"name":"Shaded","section":"Shading Mode"},"sceneLighting":false,"audioPlay":false,"sceneViewState":{"showFog":true,"showMaterialUpdate":false,"showSkybox":true,"showFlares":true,"showImageEffects":true,"showParticleSystems":true},"in2DMode":false,"pivot":{"x":77.29377746582031,"y":-36.827980041503909,"z":56.519569396972659},"rotation":{"x":-0.13133086264133454,"y":-0.8615850806236267,"z":0.28217795491218569,"w":-0.40099838376045229},"size":97.60689544677735,"orthographic":false}