{"cameraMode":{"drawMode":0,"name":"Shaded","section":"Shading Mode"},"sceneLighting":true,"audioPlay":false,"sceneViewState":{"showFog":true,"showMaterialUpdate":false,"showSkybox":false,"showFlares":true,"showImageEffects":true,"showParticleSystems":true},"in2DMode":false,"pivot":{"x":4.909999847412109,"y":1.5799999237060547,"z":10.489999771118164},"rotation":{"x":-0.08862973749637604,"y":0.9062638282775879,"z":-0.3383394479751587,"w":-0.23740141093730927},"size":4.825128078460693,"orthographic":false}